Time,Fact_MW,Forecast_MW,CloudCover,Temp,WindSpeed,PrecipProb
2026-01-04 00:00:00,0.0,,88.7,9.9,1.8,0.0
2026-01-04 01:00:00,0.0,,89.1,9.6,2.2,100.0
2026-01-04 02:00:00,0.0,,88.5,9.4,1.8,100.0
2026-01-04 03:00:00,0.0,,87.7,9.4,1.8,100.0
2026-01-04 04:00:00,0.0,,94.6,9.2,2.5,0.0
2026-01-04 05:00:00,0.0,,97.9,9.1,2.9,100.0
2026-01-04 06:00:00,0.0,,99.8,9.1,2.9,100.0
2026-01-04 07:00:00,0.0,,99.6,9.1,2.5,100.0
2026-01-04 08:00:00,0.0,,100.0,9.1,2.9,100.0
2026-01-04 09:00:00,0.0,,100.0,9.2,3.2,0.0
2026-01-04 10:00:00,0.0,,100.0,9.5,4.0,0.0
2026-01-04 11:00:00,0.0,,100.0,9.8,4.0,0.0
2026-01-04 12:00:00,0.0,,97.7,10.7,2.2,0.0
2026-01-04 13:00:00,0.0,,92.0,11.2,5.8,0.0
2026-01-04 14:00:00,0.0,,84.4,11.9,5.8,0.0
2026-01-04 15:00:00,0.0,,67.7,12.4,6.1,0.0
2026-01-04 16:00:00,0.0,,44.6,12.8,6.1,0.0
2026-01-04 17:00:00,0.0,,19.2,12.8,5.8,0.0
2026-01-04 18:00:00,0.0,,10.1,12.6,4.0,0.0
2026-01-04 19:00:00,0.0,,37.4,11.8,3.2,0.0
2026-01-04 20:00:00,0.0,,37.0,11.0,2.9,0.0
2026-01-04 21:00:00,0.0,,63.0,11.0,3.2,0.0
2026-01-04 22:00:00,0.0,,67.2,11.0,5.0,0.0
2026-01-04 23:00:00,0.0,,70.7,11.0,6.8,0.0
2026-02-04 00:00:00,0.0,,65.1,10.7,7.2,0.0
2026-02-04 01:00:00,0.0,,38.0,10.2,5.4,0.0
2026-02-04 02:00:00,0.0,,45.8,9.7,4.0,0.0
2026-02-04 03:00:00,0.0,,4.3,9.6,2.9,0.0
2026-02-04 04:00:00,0.0,,20.0,9.3,3.2,0.0
2026-02-04 05:00:00,0.0,,14.1,9.1,3.6,0.0
2026-02-04 06:00:00,0.0,,20.6,8.9,4.7,0.0
2026-02-04 07:00:00,0.0,,87.2,8.4,9.0,0.0
2026-02-04 08:00:00,0.0,,100.0,7.8,9.4,0.0
2026-02-04 09:00:00,0.0,,100.0,7.4,4.3,0.0
2026-02-04 10:00:00,0.0,,100.0,7.6,3.2,0.0
2026-02-04 11:00:00,0.0,,99.4,8.1,3.2,0.0
2026-02-04 12:00:00,0.0,,100.0,8.7,4.0,0.0
2026-02-04 13:00:00,0.0,,100.0,9.8,4.3,0.0
2026-02-04 14:00:00,0.0,,100.0,11.5,4.7,0.0
2026-02-04 15:00:00,0.0,,96.6,10.9,6.8,0.0
2026-02-04 16:00:00,0.0,,95.1,12.0,6.8,0.0
2026-02-04 17:00:00,0.0,,100.0,12.3,8.6,0.0
2026-02-04 18:00:00,0.0,,100.0,12.0,7.2,0.0
2026-02-04 19:00:00,0.0,,100.0,11.8,5.0,0.0
2026-02-04 20:00:00,0.0,,99.4,11.4,5.8,0.0
2026-02-04 21:00:00,0.0,,98.9,11.1,4.7,0.0
2026-02-04 22:00:00,0.0,,100.0,10.8,3.2,0.0
2026-02-04 23:00:00,0.0,,100.0,10.5,2.9,0.0
2026-03-04 00:00:00,0.0,,100.0,10.6,3.6,0.0
2026-03-04 01:00:00,0.0,,88.3,10.4,4.3,0.0
2026-03-04 02:00:00,0.0,,94.3,10.3,5.0,0.0
2026-03-04 03:00:00,0.0,,96.0,10.3,4.3,0.0
2026-03-04 04:00:00,0.0,,91.3,10.1,4.7,0.0
2026-03-04 05:00:00,0.0,,91.3,10.0,5.4,0.0
2026-03-04 06:00:00,0.0,,96.2,10.1,6.1,0.0
2026-03-04 07:00:00,0.0,,99.1,10.1,5.0,0.0
2026-03-04 08:00:00,0.0,,99.5,10.2,3.6,0.0
2026-03-04 09:00:00,0.0,,100.0,10.2,3.6,100.0
2026-03-04 10:00:00,0.0,,100.0,10.8,4.3,0.0
2026-03-04 11:00:00,0.0,,100.0,11.6,6.1,100.0
2026-03-04 12:00:00,0.0,,100.0,12.5,6.1,0.0
2026-03-04 13:00:00,0.0,,99.5,13.3,5.4,0.0
2026-03-04 14:00:00,0.0,,94.2,13.6,6.1,0.0
2026-03-04 15:00:00,0.0,,84.6,15.4,5.0,0.0
2026-03-04 16:00:00,0.0,,95.0,15.2,5.8,0.0
2026-03-04 17:00:00,0.0,,89.9,14.8,5.0,0.0
2026-03-04 18:00:00,0.0,,100.0,14.3,2.9,0.0
2026-03-04 19:00:00,0.0,,100.0,13.8,1.4,0.0
2026-03-04 20:00:00,0.0,,100.0,13.3,1.1,0.0
2026-03-04 21:00:00,0.0,,97.9,12.8,4.0,0.0
2026-03-04 22:00:00,0.0,,99.1,12.8,4.0,0.0
2026-03-04 23:00:00,0.0,,99.7,12.3,4.0,0.0
2026-03-12 00:00:00,0.0,,,,,
2026-03-12 05:00:00,0.00174,,,,,
2026-03-12 06:00:00,0.39954,,,,,
2026-03-12 07:00:00,2.25116,,,,,
2026-03-12 08:00:00,5.17146,,,,,
2026-03-12 09:00:00,7.751609999999999,,,,,
2026-03-12 10:00:00,9.61881,,,,,
2026-03-12 11:00:00,10.6033,,,,,
2026-03-12 12:00:00,10.71863,,,,,
2026-03-12 13:00:00,9.88053,,,,,
2026-03-12 14:00:00,8.04152,,,,,
2026-03-12 15:00:00,5.37817,,,,,
2026-03-12 16:00:00,1.85079,,,,,
2026-03-12 17:00:00,0.18547,,,,,
2026-03-12 18:00:00,0.0,,,,,
2026-03-13 00:00:00,0.0,,,,,
2026-03-13 01:00:00,,,,,,
2026-03-13 02:00:00,,,,,,
2026-03-13 03:00:00,,,,,,
2026-03-13 04:00:00,,,,,,
2026-03-13 05:00:00,0.00282,,,,,
2026-03-13 06:00:00,0.4096499999999999,,,,,
2026-03-13 07:00:00,2.40875,,,,,
2026-03-13 08:00:00,5.49368,,,,,
2026-03-13 09:00:00,8.11248,,,,,
2026-03-13 10:00:00,10.02462,,,,,
2026-03-13 11:00:00,10.8793,,,,,
2026-03-13 12:00:00,10.89227,,,,,
2026-03-13 13:00:00,10.03446,,,,,
2026-03-13 14:00:00,8.296149999999999,,,,,
2026-03-13 15:00:00,5.66941,,,,,
2026-03-13 16:00:00,2.0059,,,,,
2026-03-13 17:00:00,0.19831,,,,,
2026-03-13 18:00:00,3e-05,,,,,
2026-03-13 19:00:00,,,,,,
2026-03-13 20:00:00,,,,,,
2026-03-13 21:00:00,,,,,,
2026-03-13 22:00:00,,,,,,
2026-03-13 23:00:00,,,,,,
2026-03-14 00:00:00,0.0,,,,,
2026-03-14 01:00:00,,,,,,
2026-03-14 02:00:00,,,,,,
2026-03-14 03:00:00,,,,,,
2026-03-14 04:00:00,,,,,,
2026-03-14 05:00:00,0.00362,,,,,
2026-03-14 06:00:00,0.44021,,,,,
2026-03-14 07:00:00,2.50943,,,,,
2026-03-14 08:00:00,5.62078,,,,,
2026-03-14 09:00:00,8.11403,,,,,
2026-03-14 10:00:00,9.87302,,,,,
2026-03-14 11:00:00,10.84632,,,,,
2026-03-14 12:00:00,10.79569,,,,,
2026-03-14 13:00:00,9.80811,,,,,
2026-03-14 14:00:00,7.82025,,,,,
2026-03-14 15:00:00,5.31376,,,,,
2026-03-14 16:00:00,1.94078,,,,,
2026-03-14 17:00:00,0.2283899999999999,,,,,
2026-03-14 18:00:00,6e-05,,,,,
2026-03-14 19:00:00,,,,,,
2026-03-14 20:00:00,,,,,,
2026-03-14 21:00:00,,,,,,
2026-03-14 22:00:00,,,,,,
2026-03-14 23:00:00,,,,,,
2026-03-15 00:00:00,0.0,,,,,
2026-03-15 01:00:00,,,,,,
2026-03-15 02:00:00,,,,,,
2026-03-15 03:00:00,,,,,,
2026-03-15 04:00:00,,,,,,
2026-03-15 05:00:00,0.00478,,,,,
2026-03-15 06:00:00,0.4415199999999999,,,,,
2026-03-15 07:00:00,2.39835,,,,,
2026-03-15 08:00:00,5.338979999999999,,,,,
2026-03-15 09:00:00,7.6893,,,,,
2026-03-15 10:00:00,9.25199,,,,,
2026-03-15 11:00:00,10.57252,,,,,
2026-03-15 12:00:00,10.28247,,,,,
2026-03-15 13:00:00,9.38964,,,,,
2026-03-15 14:00:00,6.87377,,,,,
2026-03-15 15:00:00,3.47112,,,,,
2026-03-15 16:00:00,1.19063,,,,,
2026-03-15 17:00:00,0.0752699999999999,,,,,
2026-03-15 18:00:00,0.0,,,,,
2026-03-15 19:00:00,,,,,,
2026-03-15 20:00:00,,,,,,
2026-03-15 21:00:00,,,,,,
2026-03-15 22:00:00,,,,,,
2026-03-15 23:00:00,,,,,,
2026-03-16 00:00:00,,0.0,,,,
2026-03-16 01:00:00,,0.0,,,,
2026-03-16 02:00:00,,0.0,,,,
2026-03-16 03:00:00,,0.0,,,,
2026-03-16 04:00:00,,0.0,,,,
2026-03-16 05:00:00,0.0039,0.0,,,,
2026-03-16 06:00:00,0.4295,0.0,,,,
2026-03-16 07:00:00,2.3265,0.638,,,,
2026-03-16 08:00:00,5.1472,2.542,,,,
2026-03-16 09:00:00,6.4054,4.457,,,,
2026-03-16 10:00:00,9.1672,6.065,,,,
2026-03-16 11:00:00,10.2688,7.171,,,,
2026-03-16 12:00:00,10.2811,7.695,,,,
2026-03-16 13:00:00,9.1173,7.604,,,,
2026-03-16 14:00:00,7.2647,6.84,,,,
2026-03-16 15:00:00,3.7633,4.959,,,,
2026-03-16 16:00:00,0.5655,2.177,,,,
2026-03-16 17:00:00,0.0533,0.992,,,,
2026-03-16 18:00:00,0.0,0.0,,,,
2026-03-16 19:00:00,,0.0,,,,
2026-03-16 20:00:00,,0.0,,,,
2026-03-16 21:00:00,,0.0,,,,
2026-03-16 22:00:00,,0.0,,,,
2026-03-16 23:00:00,,0.0,,,,
2026-03-17 00:00:00,,0.0,,,,
2026-03-17 01:00:00,,0.0,,,,
2026-03-17 02:00:00,,0.0,,,,
2026-03-17 03:00:00,,0.0,,,,
2026-03-17 04:00:00,,0.0,,,,
2026-03-17 05:00:00,0.0081,0.0,,,,
2026-03-17 06:00:00,0.4881,0.0,,,,
2026-03-17 07:00:00,2.2139,0.376,,,,
2026-03-17 08:00:00,5.0395,0.901,,,,
2026-03-17 09:00:00,6.2017,1.642,,,,
2026-03-17 10:00:00,6.4983,2.645,,,,
2026-03-17 11:00:00,5.7717,2.896,,,,
2026-03-17 12:00:00,6.6845,3.591,,,,
2026-03-17 13:00:00,6.5694,3.101,,,,
2026-03-17 14:00:00,7.2822,2.326,,,,
2026-03-17 15:00:00,5.1979,2.588,,,,
2026-03-17 16:00:00,1.8111,1.516,,,,
2026-03-17 17:00:00,0.2005,0.604,,,,
2026-03-17 18:00:00,0.0001,0.0,,,,
2026-03-17 19:00:00,,0.0,,,,
2026-03-17 20:00:00,,0.0,,,,
2026-03-17 21:00:00,,0.0,,,,
2026-03-17 22:00:00,,0.0,,,,
2026-03-17 23:00:00,,0.0,,,,
2026-03-18 00:00:00,,0.0,,,,
2026-03-18 01:00:00,,0.0,,,,
2026-03-18 02:00:00,,0.0,,,,
2026-03-18 03:00:00,,0.0,,,,
2026-03-18 04:00:00,,0.0,,,,
2026-03-18 05:00:00,0.0083,0.0,,,,
2026-03-18 06:00:00,0.4498,0.0,,,,
2026-03-18 07:00:00,1.9047,0.137,,,,
2026-03-18 08:00:00,4.2771,0.479,,,,
2026-03-18 09:00:00,3.242,1.072,,,,
2026-03-18 10:00:00,1.7722,1.094,,,,
2026-03-18 11:00:00,2.2803,0.821,,,,
2026-03-18 12:00:00,1.6036,1.87,,,,
2026-03-18 13:00:00,2.6796,4.423,,,,
2026-03-18 14:00:00,4.5039,2.713,,,,
2026-03-18 15:00:00,1.8836,1.083,,,,
2026-03-18 16:00:00,1.2713,1.961,,,,
2026-03-18 17:00:00,0.0712,1.733,,,,
2026-03-18 18:00:00,0.0,0.205,,,,
2026-03-18 19:00:00,,0.0,,,,
2026-03-18 20:00:00,,0.0,,,,
2026-03-18 21:00:00,,0.0,,,,
2026-03-18 22:00:00,,0.0,,,,
2026-03-18 23:00:00,,0.0,,,,
2026-03-19 00:00:00,,0.0,,,,
2026-03-19 01:00:00,,0.0,,,,
2026-03-19 02:00:00,,0.0,,,,
2026-03-19 03:00:00,,0.0,,,,
2026-03-19 04:00:00,,0.0,,,,
2026-03-19 05:00:00,0.0017,0.0,,,,
2026-03-19 06:00:00,0.1327,0.0,,,,
2026-03-19 07:00:00,0.5991,0.365,,,,
2026-03-19 08:00:00,1.1766,2.291,,,,
2026-03-19 09:00:00,3.2362,3.705,,,,
2026-03-19 10:00:00,1.9263,4.275,,,,
2026-03-19 11:00:00,1.9202,5.21,,,,
2026-03-19 12:00:00,2.08,2.873,,,,
2026-03-19 13:00:00,1.8772,2.451,,,,
2026-03-19 14:00:00,1.7891,3.26,,,,
2026-03-19 15:00:00,3.7013,4.241,,,,
2026-03-19 16:00:00,2.1988,3.26,,,,
2026-03-19 17:00:00,0.3569,0.98,,,,
2026-03-19 18:00:00,0.0005,0.08,,,,
2026-03-19 19:00:00,,0.0,,,,
2026-03-19 20:00:00,,0.0,,,,
2026-03-19 21:00:00,,0.0,,,,
2026-03-19 22:00:00,,0.0,,,,
2026-03-19 23:00:00,,0.0,,,,
2026-03-20 00:00:00,,0.0,,,,
2026-03-20 01:00:00,,0.0,,,,
2026-03-20 02:00:00,,0.0,,,,
2026-03-20 03:00:00,,0.0,,,,
2026-03-20 04:00:00,,0.0,,,,
2026-03-20 05:00:00,0.0085,0.0,,,,
2026-03-20 06:00:00,0.3692,0.011,,,,
2026-03-20 07:00:00,0.5343,0.638,,,,
2026-03-20 08:00:00,0.7843,2.2,,,,
2026-03-20 09:00:00,2.5158,3.637,,,,
2026-03-20 10:00:00,4.916,4.366,,,,
2026-03-20 11:00:00,8.0065,6.589,,,,
2026-03-20 12:00:00,9.4798,6.931,,,,
2026-03-20 13:00:00,8.3519,7.136,,,,
2026-03-20 14:00:00,5.1033,5.575,,,,
2026-03-20 15:00:00,4.4759,2.941,,,,
2026-03-20 16:00:00,2.0636,1.094,,,,
2026-03-20 17:00:00,0.4188,0.502,,,,
2026-03-20 18:00:00,0.0002,0.114,,,,
2026-03-20 19:00:00,,0.0,,,,
2026-03-20 20:00:00,,0.0,,,,
2026-03-20 21:00:00,,0.0,,,,
2026-03-20 22:00:00,,0.0,,,,
2026-03-20 23:00:00,,0.0,,,,
2026-03-21 00:00:00,,0.0,,,,
2026-03-21 01:00:00,,0.0,,,,
2026-03-21 02:00:00,,0.0,,,,
2026-03-21 03:00:00,,0.0,,,,
2026-03-21 04:00:00,,0.0,,,,
2026-03-21 05:00:00,0.0101,0.0,,,,
2026-03-21 06:00:00,0.3963,0.0,,,,
2026-03-21 07:00:00,1.8007,0.388,,,,
2026-03-21 08:00:00,3.1704,1.163,,,,
2026-03-21 09:00:00,5.5856,2.166,,,,
2026-03-21 10:00:00,5.1833,3.169,,,,
2026-03-21 11:00:00,4.4083,4.389,,,,
2026-03-21 12:00:00,4.2216,1.927,,,,
2026-03-21 13:00:00,4.9515,0.946,,,,
2026-03-21 14:00:00,1.7358,0.57,,,,
2026-03-21 15:00:00,0.9837,0.41,,,,
2026-03-21 16:00:00,0.4659,0.262,,,,
2026-03-21 17:00:00,0.1358,0.125,,,,
2026-03-21 18:00:00,0.0,0.023,,,,
2026-03-21 19:00:00,,0.0,,,,
2026-03-21 20:00:00,,0.0,,,,
2026-03-21 21:00:00,,0.0,,,,
2026-03-21 22:00:00,,0.0,,,,
2026-03-21 23:00:00,,0.0,,,,
2026-03-22 00:00:00,,0.0,,,,
2026-03-22 01:00:00,,0.0,,,,
2026-03-22 02:00:00,,0.0,,,,
2026-03-22 03:00:00,,0.0,,,,
2026-03-22 04:00:00,,0.0,,,,
2026-03-22 05:00:00,0.0231,0.0,,,,
2026-03-22 06:00:00,0.6935,0.011,,,,
2026-03-22 07:00:00,2.6767,0.331,,,,
2026-03-22 08:00:00,5.1157,0.901,,,,
2026-03-22 09:00:00,7.856,1.265,,,,
2026-03-22 10:00:00,9.2254,1.596,,,,
2026-03-22 11:00:00,9.3309,3.386,,,,
2026-03-22 12:00:00,10.1056,6.943,,,,
2026-03-22 13:00:00,5.953,7.547,,,,
2026-03-22 14:00:00,4.1759,5.609,,,,
2026-03-22 15:00:00,2.5246,3.625,,,,
2026-03-22 16:00:00,1.3722,3.842,,,,
2026-03-22 17:00:00,0.2714,2.006,,,,
2026-03-22 18:00:00,0.0001,0.376,,,,
2026-03-22 19:00:00,,0.0,,,,
2026-03-22 20:00:00,,0.0,,,,
2026-03-22 21:00:00,,0.0,,,,
2026-03-22 22:00:00,,0.0,,,,
2026-03-22 23:00:00,,0.0,,,,
2026-03-23 00:00:00,,0.0,91.5,6.7,16.6,0.0
2026-03-23 01:00:00,,0.0,92.6,6.2,16.2,0.0
2026-03-23 02:00:00,,0.0,91.3,6.0,15.5,0.0
2026-03-23 03:00:00,,0.0,82.9,5.7,15.1,0.0
2026-03-23 04:00:00,,0.0,65.9,5.3,15.5,0.0
2026-03-23 05:00:00,0.0376,0.0,64.4,4.9,15.8,0.0
2026-03-23 06:00:00,0.6885,0.0228,58.7,4.5,15.8,0.0
2026-03-23 07:00:00,2.9231,0.9804,10.8,4.5,15.8,0.0
2026-03-23 08:00:00,5.8961,2.9412,0.0,5.3,15.8,0.0
2026-03-23 09:00:00,8.4424,4.8564,0.0,6.7,15.1,0.0
2026-03-23 10:00:00,10.1226,6.441,1.4,8.3,14.4,0.0
2026-03-23 11:00:00,10.2768,7.5468,100.0,9.7,13.7,0.0
2026-03-23 12:00:00,9.4399,8.0598,3.4,11.0,13.3,0.0
2026-03-23 13:00:00,10.1287,7.9344,39.0,12.1,13.0,0.0
2026-03-23 14:00:00,8.4319,6.9426,6.7,12.7,11.9,0.0
2026-03-23 15:00:00,5.8467,5.7342,0.0,13.0,11.5,0.0
2026-03-23 16:00:00,2.7389,3.6936,10.3,12.8,10.4,0.0
2026-03-23 17:00:00,0.4882,1.881,27.3,12.4,10.1,0.0
2026-03-23 18:00:00,0.0023,0.3648,58.1,11.7,9.0,0.0
2026-03-23 19:00:00,,0.0,70.7,10.9,10.1,0.0
2026-03-23 20:00:00,,0.0,100.0,10.2,10.1,0.0
2026-03-23 21:00:00,,0.0,100.0,9.6,10.4,0.0
2026-03-23 22:00:00,,0.0,100.0,9.0,11.2,0.0
2026-03-23 23:00:00,,0.0,100.0,8.4,11.5,0.0
2026-03-24 00:00:00,,0.0,100.0,7.8,11.9,0.0
2026-03-24 01:00:00,,0.0,100.0,7.6,11.2,0.0
2026-03-24 02:00:00,,0.0,100.0,7.4,10.1,0.0
2026-03-24 03:00:00,,0.0,100.0,7.3,9.7,0.0
2026-03-24 04:00:00,,0.0,100.0,7.1,9.7,0.0
2026-03-24 05:00:00,0.0263,0.0,100.0,6.8,10.1,0.0
2026-03-24 06:00:00,0.511,0.0228,100.0,6.6,11.2,0.0
2026-03-24 07:00:00,1.5369,0.7296,99.7,6.3,11.9,0.0
2026-03-24 08:00:00,2.6514,1.9152,96.1,6.3,12.2,0.0
2026-03-24 09:00:00,2.8523,3.3858,91.0,6.7,13.0,22.6
2026-03-24 10:00:00,4.6249,4.1838,97.9,7.1,13.0,22.6
2026-03-24 11:00:00,3.1525,4.8678,98.2,7.3,13.0,22.6
2026-03-24 12:00:00,3.2541,5.3238,94.7,7.8,14.0,22.6
2026-03-24 13:00:00,2.0003,5.1642,94.2,8.2,14.8,22.6
2026-03-24 14:00:00,1.803,4.218,93.9,8.5,15.1,22.6
2026-03-24 15:00:00,0.7602,3.7392,92.2,8.6,15.5,19.4
2026-03-24 16:00:00,0.5461,2.5992,93.3,8.5,15.1,19.4
2026-03-24 17:00:00,0.0593,1.2996,99.2,8.2,14.4,19.4
2026-03-24 18:00:00,0.0,0.3078,95.0,7.9,13.0,19.4
2026-03-24 19:00:00,,0.0,96.8,7.6,11.9,19.4
2026-03-24 20:00:00,,0.0,94.1,7.4,11.2,19.4
2026-03-24 21:00:00,,0.0,92.7,7.3,10.8,3.2
2026-03-24 22:00:00,,0.0,94.5,7.2,10.8,3.2
2026-03-24 23:00:00,,0.0,93.9,7.0,10.4,3.2
2026-03-25 00:00:00,,0.0,91.1,6.8,10.4,3.2
2026-03-25 01:00:00,,0.0,98.5,6.5,10.8,3.2
2026-03-25 02:00:00,,0.0,94.4,6.3,10.8,3.2
2026-03-25 03:00:00,,0.0,100.0,6.2,11.2,0.0
2026-03-25 04:00:00,,0.0,99.5,6.2,11.5,0.0
2026-03-25 05:00:00,0.0266,0.0,99.6,6.2,11.2,0.0
2026-03-25 06:00:00,0.5015,0.0342,99.9,6.2,10.8,0.0
2026-03-25 07:00:00,0.5602,0.6498,100.0,6.3,10.8,0.0
2026-03-25 08:00:00,1.1872,1.6644,96.9,6.5,10.8,0.0
2026-03-25 09:00:00,1.5196,2.9754,99.4,6.9,10.1,9.7
2026-03-25 10:00:00,3.0661,4.4118,97.6,7.2,9.4,9.7
2026-03-25 11:00:00,4.0226,6.0306,98.7,7.7,8.3,9.7
2026-03-25 12:00:00,3.2073,6.8856,95.4,8.2,8.3,9.7
2026-03-25 13:00:00,1.9961,7.5582,99.8,8.6,6.5,9.7
2026-03-25 14:00:00,1.2746,6.2814,97.6,8.9,5.8,9.7
2026-03-25 15:00:00,0.4951,5.0388,100.0,8.8,5.8,19.4
2026-03-25 16:00:00,0.1804,2.7702,100.0,8.8,5.0,19.4
2026-03-25 17:00:00,0.012,0.855,100.0,8.9,3.2,19.4
2026-03-25 18:00:00,0.0,0.1824,100.0,8.9,2.9,19.4
2026-03-25 19:00:00,,0.0,98.2,8.8,3.6,19.4
2026-03-25 20:00:00,,0.0,100.0,8.8,6.1,19.4
2026-03-25 21:00:00,,0.0,98.9,8.5,5.0,12.9
2026-03-25 22:00:00,,0.0,95.3,8.4,5.4,12.9
2026-03-25 23:00:00,,0.0,95.5,8.3,4.7,12.9
2026-03-26 00:00:00,,0.0,92.2,8.2,5.0,12.9
2026-03-26 01:00:00,,0.0,90.3,8.0,5.4,12.9
2026-03-26 02:00:00,,0.0,80.7,7.8,4.7,12.9
2026-03-26 03:00:00,,0.0,90.7,7.6,4.3,16.1
2026-03-26 04:00:00,,0.0,70.7,7.4,3.2,16.1
2026-03-26 05:00:00,0.0177,0.0,60.9,7.1,3.6,16.1
2026-03-26 06:00:00,0.3122,0.0114,49.8,6.9,3.6,16.1
2026-03-26 07:00:00,1.019,0.342,38.9,7.0,3.2,16.1
2026-03-26 08:00:00,2.0808,1.1856,6.8,8.1,3.2,16.1
2026-03-26 09:00:00,7.5962,4.674,7.2,9.2,4.4,0.0
2026-03-26 10:00:00,9.7986,4.2978,7.5,10.4,5.6,0.0
2026-03-26 11:00:00,10.5243,7.5582,7.9,11.6,6.8,0.0
2026-03-26 12:00:00,10.8706,8.0712,5.3,12.4,6.6,0.0
2026-03-26 13:00:00,9.7075,7.923,2.6,13.2,6.4,0.0
2026-03-26 14:00:00,8.0017,6.6576,0.0,14.0,6.1,0.0
2026-03-26 15:00:00,5.7612,1.6302,2.7,14.0,4.9,3.2
2026-03-26 16:00:00,2.7209,1.4478,5.5,14.0,3.7,3.2
2026-03-26 17:00:00,0.4236,0.6612,8.2,14.0,2.5,3.2
2026-03-26 18:00:00,0.0046,0.171,21.8,13.3,2.6,3.2
2026-03-26 19:00:00,,0.0,35.3,12.6,2.8,3.2
2026-03-26 20:00:00,0.0,0.0,48.9,11.9,2.9,3.2
2026-03-26 21:00:00,,0.0,50.7,11.4,3.0,3.2
2026-03-26 22:00:00,,0.0,52.6,10.9,3.1,3.2
2026-03-26 23:00:00,,0.0,54.4,10.5,3.2,3.2
2026-03-27 00:00:00,,0.0,55.1,10.0,3.1,3.2
2026-03-27 01:00:00,,0.0,55.9,9.6,3.0,3.2
2026-03-27 02:00:00,,0.0,56.6,9.2,2.9,3.2
2026-03-27 03:00:00,,0.0,54.1,8.8,2.9,6.5
2026-03-27 04:00:00,,0.0,51.5,8.5,2.9,6.5
2026-03-27 05:00:00,,0.0,49.0,8.2,2.9,6.5
2026-03-27 06:00:00,0.0251,0.0342,49.5,8.7,2.8,6.5
2026-03-27 07:00:00,0.3312,0.5586,50.0,9.2,2.6,6.5
2026-03-27 08:00:00,0.836,1.7328,50.5,9.7,2.5,6.5
2026-03-27 09:00:00,1.748,3.8076,54.7,10.9,3.4,3.2
2026-03-27 10:00:00,3.7729,5.4378,59.0,12.2,4.2,3.2
2026-03-27 11:00:00,4.6644,4.674,63.2,13.5,5.0,3.2
2026-03-27 12:00:00,7.529,0.8664,55.8,14.0,5.4,3.2
2026-03-27 13:00:00,1.694,0.7524,48.3,14.5,5.8,3.2
2026-03-27 14:00:00,3.5196,3.5226,40.9,15.0,6.1,3.2
2026-03-27 15:00:00,5.8857,1.2198,28.6,14.8,4.8,0.0
2026-03-27 16:00:00,3.7614,0.4902,16.3,14.6,3.5,0.0
2026-03-27 17:00:00,1.0441,0.3876,4.0,14.4,2.2,0.0
2026-03-27 18:00:00,0.3727,0.1596,14.9,13.6,1.7,0.0
2026-03-27 19:00:00,0.0055,0.0,25.7,12.9,1.2,0.0
2026-03-27 20:00:00,,0.0,36.6,12.2,0.7,0.0
2026-03-27 21:00:00,,0.0,30.8,11.5,1.2,0.0
2026-03-27 22:00:00,,0.0,25.1,10.8,1.7,0.0
2026-03-27 23:00:00,,0.0,19.3,10.1,2.2,0.0
2026-03-28 00:00:00,,0.0,99.8,10.9,13.7,0.0
2026-03-28 01:00:00,,0.0,100.0,10.6,12.2,0.0
2026-03-28 02:00:00,,0.0,100.0,10.3,14.8,0.0
2026-03-28 03:00:00,,0.0,100.0,9.7,14.4,3.2
2026-03-28 04:00:00,,0.0,100.0,9.3,14.0,3.2
2026-03-28 05:00:00,,0.0,99.9,9.2,15.5,3.2
2026-03-28 06:00:00,0.0689,0.0456,99.8,9.2,16.2,3.2
2026-03-28 07:00:00,0.8405,0.741,68.6,10.0,16.9,3.2
2026-03-28 08:00:00,3.129,2.6904,92.5,11.6,18.4,3.2
2026-03-28 09:00:00,6.0439,3.8646,63.3,13.1,17.8,16.1
2026-03-28 10:00:00,8.3506,5.0388,34.2,14.6,17.2,16.1
2026-03-28 11:00:00,6.8871,6.213,5.0,16.2,16.6,16.1
2026-03-28 12:00:00,4.9677,6.5892,35.4,16.7,16.9,16.1
2026-03-28 13:00:00,4.4651,6.9654,65.8,17.2,17.3,16.1
2026-03-28 14:00:00,3.5233,7.3416,96.2,17.7,17.6,16.1
2026-03-28 15:00:00,2.8339,5.6008,96.7,17.0,16.9,25.8
2026-03-28 16:00:00,3.4295,3.8612,97.1,16.3,16.2,25.8
2026-03-28 17:00:00,2.792,2.1204,97.6,15.7,15.5,25.8
2026-03-28 18:00:00,0.4635,1.4136,84.2,14.6,14.0,25.8
2026-03-28 19:00:00,0.007,0.7068,70.8,13.5,12.6,25.8
2026-03-28 20:00:00,,0.0,57.4,12.5,11.2,25.8
2026-03-28 21:00:00,,0.0,71.6,11.9,9.2,25.8
2026-03-28 22:00:00,,0.0,85.8,11.4,7.3,25.8
2026-03-28 23:00:00,,0.0,100.0,10.9,5.4,25.8
2026-03-29 00:00:00,,0.0,95.3,10.6,6.5,25.8
2026-03-29 01:00:00,,0.0,90.7,10.4,7.6,25.8
2026-03-29 02:00:00,,0.0,86.0,10.2,8.6,25.8
2026-03-29 04:00:00,,0.0,90.7,10.3,10.9,19.4
2026-03-29 05:00:00,,0.0,95.3,10.4,13.2,19.4
2026-03-29 06:00:00,0.1057,0.0,100.0,10.5,15.5,19.4
2026-03-29 07:00:00,0.8918,0.1026,100.0,10.8,16.8,19.4
2026-03-29 08:00:00,2.2644,0.2052,100.0,11.2,18.1,19.4
2026-03-29 09:00:00,6.0345,0.3078,100.0,11.6,19.4,19.4
2026-03-29 10:00:00,7.9578,0.9006,100.0,12.4,18.7,22.6
2026-03-29 11:00:00,9.9508,1.4934,100.0,13.3,18.0,22.6
2026-03-29 12:00:00,10.8474,2.0862,100.0,14.2,17.3,22.6
2026-03-29 13:00:00,10.6341,1.8012,100.0,14.0,12.8,22.6
2026-03-29 14:00:00,9.4851,1.5162,100.0,13.8,8.4,22.6
2026-03-29 15:00:00,5.4327,1.2312,100.0,13.6,4.0,22.6
2026-03-29 16:00:00,4.1905,1.0568,100.0,12.7,5.5,48.4
2026-03-29 17:00:00,1.8963,0.8812,100.0,11.8,7.1,48.4
2026-03-29 18:00:00,0.4363,0.7068,100.0,11.0,8.6,48.4
2026-03-29 19:00:00,0.0035,0.4708,100.0,10.9,9.5,48.4
2026-03-29 20:00:00,,0.236,100.0,10.8,10.3,48.4
2026-03-29 21:00:00,,0.0,100.0,10.7,11.2,48.4
2026-03-29 22:00:00,,0.0,100.0,10.7,11.6,32.3
2026-03-29 23:00:00,,0.0,100.0,10.7,12.1,32.3
2026-03-30 00:00:00,,0.0,100.0,10.7,12.6,32.3
2026-03-30 01:00:00,,0.0,100.0,10.6,12.2,32.3
2026-03-30 02:00:00,,0.0,100.0,10.6,11.9,32.3
2026-03-30 03:00:00,,0.0,100.0,10.6,11.5,32.3
2026-03-30 04:00:00,,0.0,100.0,10.7,11.4,25.8
2026-03-30 05:00:00,,0.0,100.0,10.8,11.3,25.8
2026-03-30 06:00:00,0.0469,0.0,100.0,10.9,11.2,25.8
2026-03-30 07:00:00,0.7091,0.0912,100.0,11.1,12.8,25.8
2026-03-30 08:00:00,3.0265,0.1824,100.0,11.3,14.5,25.8
2026-03-30 09:00:00,6.0869,0.2736,100.0,11.6,16.2,25.8
2026-03-30 10:00:00,4.1061,0.5016,100.0,11.6,17.3,38.7
2026-03-30 11:00:00,4.9032,0.7296,100.0,11.6,18.4,38.7
2026-03-30 12:00:00,5.3292,0.9576,100.0,11.6,19.4,38.7
2026-03-30 13:00:00,8.0303,1.1172,100.0,11.5,19.3,38.7
2026-03-30 14:00:00,7.6294,1.2768,100.0,11.5,19.2,38.7
2026-03-30 15:00:00,5.6825,1.4364,100.0,11.5,19.1,38.7
2026-03-30 16:00:00,4.6516,1.14,100.0,11.1,17.5,22.6
2026-03-30 17:00:00,2.6149,0.8436,100.0,10.7,16.0,22.6
2026-03-30 18:00:00,0.5651,0.5472,100.0,10.3,14.4,22.6
2026-03-30 19:00:00,0.008,0.3648,100.0,10.1,14.0,22.6
2026-03-30 20:00:00,,0.1824,100.0,9.9,13.7,22.6
2026-03-30 21:00:00,,0.0,100.0,9.7,13.3,22.6
2026-03-30 22:00:00,,0.0,100.0,9.5,13.0,6.5
2026-03-30 23:00:00,,0.0,100.0,9.4,12.6,6.5
2026-03-31 00:00:00,,0.0,99.3,7.5,14.0,19.4
2026-03-31 01:00:00,,0.0,67.9,6.8,13.4,19.4
2026-03-31 02:00:00,,0.0,36.4,6.1,12.8,19.4
2026-03-31 03:00:00,,0.0,5.0,5.4,12.2,19.4
2026-03-31 04:00:00,,0.0,7.3,5.2,11.6,9.7
2026-03-31 05:00:00,,0.0,9.7,5.0,11.0,9.7
2026-03-31 06:00:00,0.0365,0.0,12.0,4.9,10.4,9.7
2026-03-31 07:00:00,0.2606,0.5666,34.5,6.0,11.5,9.7
2026-03-31 08:00:00,0.4568,1.132,57.0,7.1,12.6,9.7
2026-03-31 09:00:00,0.8418,1.6986,79.5,8.3,13.7,9.7
2026-03-31 10:00:00,1.1027,3.1692,86.3,9.2,15.6,22.6
2026-03-31 11:00:00,1.3073,4.6398,93.2,10.1,17.5,22.6
2026-03-31 12:00:00,1.4648,6.1104,100.0,11.1,19.4,22.6
2026-03-31 13:00:00,1.2331,5.1756,100.0,10.3,20.2,22.6
2026-03-31 14:00:00,1.5319,4.2408,100.0,9.6,20.9,22.6
2026-03-31 15:00:00,1.4073,3.306,100.0,8.9,21.6,22.6
2026-03-31 16:00:00,1.169,2.3108,100.0,7.6,18.0,22.6
2026-03-31 17:00:00,0.6549,1.3144,100.0,6.4,14.4,22.6
2026-03-31 18:00:00,0.153,0.3192,100.0,5.2,10.8,22.6
2026-03-31 19:00:00,0.0015,0.2132,100.0,5.1,14.2,22.6
2026-03-31 20:00:00,,0.106,100.0,5.1,17.5,22.6
2026-03-31 21:00:00,,0.0,100.0,5.1,20.9,22.6
2026-03-31 22:00:00,,0.0,100.0,4.9,17.3,12.9
2026-03-31 23:00:00,,0.0,100.0,4.7,13.7,12.9
2026-04-01 00:00:00,0.0,,88.7,9.9,1.8,0.0
2026-04-01 01:00:00,0.0,,89.1,9.6,2.2,100.0
2026-04-01 02:00:00,0.0,,88.5,9.4,1.8,100.0
2026-04-01 03:00:00,0.0,,87.7,9.4,1.8,100.0
2026-04-01 04:00:00,0.0,,94.6,9.2,2.5,0.0
2026-04-01 05:00:00,0.0,,97.9,9.1,2.9,100.0
2026-04-01 06:00:00,0.0,,99.8,9.1,2.9,100.0
2026-04-01 07:00:00,0.0,,99.6,9.1,2.5,100.0
2026-04-01 08:00:00,0.0,,100.0,9.1,2.9,100.0
2026-04-01 09:00:00,0.0,,100.0,9.2,3.2,0.0
2026-04-01 10:00:00,0.0,,100.0,9.5,4.0,0.0
2026-04-01 11:00:00,0.0,,100.0,9.8,4.0,0.0
2026-04-01 12:00:00,0.0,,97.7,10.7,2.2,0.0
2026-04-01 13:00:00,0.0,,92.0,11.2,5.8,0.0
2026-04-01 14:00:00,0.0,,84.4,11.9,5.8,0.0
2026-04-01 15:00:00,0.0,,67.7,12.4,6.1,0.0
2026-04-01 16:00:00,0.0,,44.6,12.8,6.1,0.0
2026-04-01 17:00:00,0.0,,19.2,12.8,5.8,0.0
2026-04-01 18:00:00,0.0,,10.1,12.6,4.0,0.0
2026-04-01 19:00:00,0.0,,37.4,11.8,3.2,0.0
2026-04-01 20:00:00,0.0,,37.0,11.0,2.9,0.0
2026-04-01 21:00:00,0.0,,63.0,11.0,3.2,0.0
2026-04-01 22:00:00,0.0,,67.2,11.0,5.0,0.0
2026-04-01 23:00:00,0.0,,70.7,11.0,6.8,0.0
2026-04-02 00:00:00,0.0,,65.1,10.7,7.2,0.0
2026-04-02 01:00:00,0.0,,38.0,10.2,5.4,0.0
2026-04-02 02:00:00,0.0,,45.8,9.7,4.0,0.0
2026-04-02 03:00:00,0.0,,4.3,9.6,2.9,0.0
2026-04-02 04:00:00,0.0,,20.0,9.3,3.2,0.0
2026-04-02 05:00:00,0.0,,14.1,9.1,3.6,0.0
2026-04-02 06:00:00,0.0,,20.6,8.9,4.7,0.0
2026-04-02 07:00:00,0.0,,87.2,8.4,9.0,0.0
2026-04-02 08:00:00,0.0,,100.0,7.8,9.4,0.0
2026-04-02 09:00:00,0.0,,100.0,7.4,4.3,0.0
2026-04-02 10:00:00,0.0,,100.0,7.6,3.2,0.0
2026-04-02 11:00:00,0.0,,99.4,8.1,3.2,0.0
2026-04-02 12:00:00,0.0,,100.0,8.7,4.0,0.0
2026-04-02 13:00:00,0.0,,100.0,9.8,4.3,0.0
2026-04-02 14:00:00,0.0,,100.0,11.5,4.7,0.0
2026-04-02 15:00:00,0.0,,96.6,10.9,6.8,0.0
2026-04-02 16:00:00,0.0,,95.1,12.0,6.8,0.0
2026-04-02 17:00:00,0.0,,100.0,12.3,8.6,0.0
2026-04-02 18:00:00,0.0,,100.0,12.0,7.2,0.0
2026-04-02 19:00:00,0.0,,100.0,11.8,5.0,0.0
2026-04-02 20:00:00,0.0,,99.4,11.4,5.8,0.0
2026-04-02 21:00:00,0.0,,98.9,11.1,4.7,0.0
2026-04-02 22:00:00,0.0,,100.0,10.8,3.2,0.0
2026-04-02 23:00:00,0.0,,100.0,10.5,2.9,0.0
2026-04-03 00:00:00,0.0,,100.0,10.6,3.6,0.0
2026-04-03 01:00:00,0.0,,88.3,10.4,4.3,0.0
2026-04-03 02:00:00,0.0,,94.3,10.3,5.0,0.0
2026-04-03 03:00:00,0.0,,96.0,10.3,4.3,0.0
2026-04-03 04:00:00,0.0,,91.3,10.1,4.7,0.0
2026-04-03 05:00:00,0.0,,91.3,10.0,5.4,0.0
2026-04-03 06:00:00,0.0,,96.2,10.1,6.1,0.0
2026-04-03 07:00:00,0.0,,99.1,10.1,5.0,0.0
2026-04-03 08:00:00,0.0,,99.5,10.2,3.6,0.0
2026-04-03 09:00:00,0.0,,100.0,10.2,3.6,100.0
2026-04-03 10:00:00,0.0,,100.0,10.8,4.3,0.0
2026-04-03 11:00:00,0.0,,100.0,11.6,6.1,100.0
2026-04-03 12:00:00,0.0,,100.0,12.5,6.1,0.0
2026-04-03 13:00:00,0.0,,99.5,13.3,5.4,0.0
2026-04-03 14:00:00,0.0,,94.2,13.6,6.1,0.0
2026-04-03 15:00:00,0.0,,84.6,15.4,5.0,0.0
2026-04-03 16:00:00,0.0,,95.0,15.2,5.8,0.0
2026-04-03 17:00:00,0.0,,89.9,14.8,5.0,0.0
2026-04-03 18:00:00,0.0,,100.0,14.3,2.9,0.0
2026-04-03 19:00:00,0.0,,100.0,13.8,1.4,0.0
2026-04-03 20:00:00,0.0,,100.0,13.3,1.1,0.0
2026-04-03 21:00:00,0.0,,97.9,12.8,4.0,0.0
2026-04-03 22:00:00,0.0,,99.1,12.8,4.0,0.0
2026-04-03 23:00:00,0.0,,99.7,12.3,4.0,0.0
2026-04-04 00:00:00,0.0,,100.0,11.9,4.3,0.0
2026-04-04 01:00:00,0.0,,100.0,11.9,4.3,0.0
2026-04-04 02:00:00,0.0,,100.0,11.9,4.3,0.0
2026-04-04 03:00:00,0.0,,98.0,11.9,7.2,0.0
2026-04-04 04:00:00,0.0,,100.0,11.6,6.8,0.0
2026-04-04 05:00:00,0.0,,94.4,11.2,5.8,0.0
2026-04-04 06:00:00,0.0,,86.4,10.8,6.1,0.0
2026-04-04 07:00:00,0.0,,83.6,10.7,7.6,0.0
2026-04-04 08:00:00,0.0,,94.1,11.0,9.4,0.0
2026-04-04 09:00:00,0.0,,100.0,12.1,8.6,0.0
2026-04-04 10:00:00,0.0,,99.8,13.4,7.6,0.0
2026-04-04 11:00:00,0.0,,99.9,14.7,9.4,0.0
2026-04-04 12:00:00,0.0,,100.0,15.4,10.4,100.0
2026-04-04 13:00:00,0.0,,99.0,15.8,11.9,100.0
2026-04-04 14:00:00,0.0,,98.7,15.9,11.9,100.0
2026-04-04 15:00:00,0.0,,78.5,15.9,12.6,0.0
2026-04-04 16:00:00,0.0,,93.1,15.9,12.2,0.0
2026-04-04 17:00:00,0.0,,90.7,15.6,12.6,0.0
2026-04-04 18:00:00,0.0,,82.7,15.2,13.0,100.0
2026-04-04 19:00:00,0.0,,91.3,14.5,7.6,0.0
2026-04-04 20:00:00,0.0,,90.7,13.9,7.6,0.0
2026-04-04 21:00:00,0.0,,3.4,13.3,6.8,0.0
2026-04-04 22:00:00,0.0,,1.6,12.6,6.8,0.0
2026-04-04 23:00:00,0.0,,1.1,12.3,7.2,0.0
2026-04-05 00:00:00,0.0,,1.8,11.9,9.0,0.0
2026-04-05 01:00:00,0.0,,20.7,11.6,12.2,0.0
2026-04-05 02:00:00,0.0,,54.1,11.1,13.7,0.0
2026-04-05 03:00:00,0.0,,0.0,10.5,11.5,0.0
2026-04-05 04:00:00,0.0,,0.0,10.0,9.7,0.0
2026-04-05 05:00:00,0.0,,0.0,9.3,8.3,0.0
2026-04-05 06:00:00,0.0,,0.0,8.9,7.2,0.0
2026-04-05 07:00:00,0.0,,0.0,8.8,7.9,0.0
2026-04-05 08:00:00,0.0,,0.0,9.5,8.3,0.0
2026-04-05 09:00:00,0.0,,0.0,10.7,9.7,0.0
2026-04-05 10:00:00,0.0,,0.0,12.2,11.5,0.0
2026-04-05 11:00:00,0.0,,1.5,13.9,11.5,0.0
2026-04-05 12:00:00,0.0,,9.5,15.3,15.1,0.0
2026-04-05 13:00:00,0.0,,20.8,16.0,15.5,0.0
2026-04-05 14:00:00,0.0,,28.3,16.4,17.6,0.0
2026-04-05 15:00:00,0.0,,39.6,17.2,17.6,0.0
2026-04-05 16:00:00,0.0,,42.2,16.9,16.9,0.0
2026-04-05 17:00:00,0.0,,14.9,16.9,16.2,0.0
2026-04-05 18:00:00,0.0,,23.9,16.2,14.4,0.0
2026-04-05 19:00:00,0.0,,19.0,15.2,10.1,0.0
2026-04-05 20:00:00,0.0,,0.0,13.7,5.8,0.0
2026-04-05 21:00:00,0.0,,0.0,13.0,3.6,0.0
2026-04-05 22:00:00,0.0,,0.0,12.0,3.6,0.0
2026-04-05 23:00:00,0.0,,0.0,11.4,2.5,0.0
2026-04-06 00:00:00,0.0,,0.0,11.0,1.1,0.0
2026-04-06 01:00:00,0.0,,0.0,10.4,2.5,0.0
2026-04-06 02:00:00,0.0,,0.0,10.1,3.2,0.0
2026-04-06 03:00:00,0.0,,0.0,10.0,2.5,0.0
2026-04-06 04:00:00,0.0,,0.0,9.8,3.2,0.0
2026-04-06 05:00:00,0.0,,0.0,9.4,3.6,0.0
2026-04-06 06:00:00,0.0,,0.0,9.1,4.3,0.0
2026-04-06 07:00:00,0.0,,0.4,8.7,4.3,0.0
2026-04-06 08:00:00,0.0,,0.0,9.0,5.0,0.0
2026-04-06 09:00:00,0.0,,0.0,10.3,5.8,0.0
2026-04-06 10:00:00,0.0,,0.0,11.8,7.9,0.0
2026-04-06 11:00:00,0.0,,2.8,13.7,7.9,0.0
2026-04-06 12:00:00,0.0,,0.0,15.7,10.4,0.0
2026-04-06 13:00:00,0.0,,0.0,17.0,13.7,0.0
2026-04-06 14:00:00,0.0,,0.0,17.7,15.1,0.0
2026-04-06 15:00:00,0.0,,0.0,18.3,16.2,0.0
2026-04-06 16:00:00,0.0,,0.0,18.4,15.8,0.0
2026-04-06 17:00:00,0.0,,0.0,18.5,15.5,0.0
2026-04-06 18:00:00,0.0,,13.4,18.1,15.5,0.0
2026-04-06 19:00:00,0.0,,0.0,17.2,16.6,0.0
2026-04-06 20:00:00,0.0,,38.9,15.9,18.4,0.0
2026-04-06 21:00:00,0.0,,100.0,14.5,20.5,0.0
2026-04-06 22:00:00,0.0,,98.9,13.6,18.4,100.0
2026-04-06 23:00:00,0.0,,100.0,12.1,16.9,100.0
2026-04-07 00:00:00,0.0,,100.0,11.2,15.8,100.0
2026-04-07 01:00:00,0.0,,100.0,10.8,18.4,100.0
2026-04-07 02:00:00,0.0,,100.0,9.4,21.6,0.0
2026-04-07 03:00:00,0.0,,100.0,8.3,17.6,0.0
2026-04-07 04:00:00,0.0,,100.0,7.7,15.5,0.0
2026-04-07 05:00:00,0.0,,100.0,7.4,13.3,0.0
2026-04-07 06:00:00,0.0,,44.8,6.7,12.2,0.0
2026-04-07 07:00:00,0.0,,0.0,6.2,10.4,0.0
2026-04-07 08:00:00,0.0,,0.0,6.3,11.5,0.0
2026-04-07 09:00:00,0.0,,0.0,7.2,13.3,0.0
2026-04-07 10:00:00,0.0,,43.8,8.3,14.4,0.0
2026-04-07 11:00:00,0.0,,23.4,9.2,15.8,0.0
2026-04-07 12:00:00,0.0,,50.4,10.0,16.9,0.0
2026-04-07 13:00:00,0.0,,82.8,10.6,15.5,0.0
2026-04-07 14:00:00,0.0,,100.0,11.2,15.8,0.0
2026-04-07 15:00:00,0.0,,91.3,10.9,16.9,0.0
2026-04-07 16:00:00,0.0,,100.0,11.3,16.9,0.0
2026-04-07 17:00:00,0.0,,91.7,10.6,18.0,0.0
2026-04-07 18:00:00,0.0,,100.0,10.1,19.4,0.0
2026-04-07 19:00:00,0.0,,100.0,8.9,15.1,100.0
2026-04-07 20:00:00,0.0,,100.0,8.6,13.3,0.0
2026-04-07 21:00:00,0.0,,91.9,8.2,13.0,0.0
2026-04-07 22:00:00,0.0,,98.9,8.0,13.0,0.0
2026-04-07 23:00:00,0.0,,100.0,7.9,14.0,0.0
2026-05-04 00:00:00,0.0,,1.8,11.9,9.0,0.0
2026-05-04 01:00:00,0.0,,20.7,11.6,12.2,0.0
2026-05-04 02:00:00,0.0,,54.1,11.1,13.7,0.0
2026-05-04 03:00:00,0.0,,0.0,10.5,11.5,0.0
2026-05-04 04:00:00,0.0,,0.0,10.0,9.7,0.0
2026-05-04 05:00:00,0.0,,0.0,9.3,8.3,0.0
2026-05-04 06:00:00,0.0,,0.0,8.9,7.2,0.0
2026-05-04 07:00:00,0.0,,0.0,8.8,7.9,0.0
2026-05-04 08:00:00,0.0,,0.0,9.5,8.3,0.0
2026-05-04 09:00:00,0.0,,0.0,10.7,9.7,0.0
2026-05-04 10:00:00,0.0,,0.0,12.2,11.5,0.0
2026-05-04 11:00:00,0.0,,1.5,13.9,11.5,0.0
2026-05-04 12:00:00,0.0,,9.5,15.3,15.1,0.0
2026-05-04 13:00:00,0.0,,20.8,16.0,15.5,0.0
2026-05-04 14:00:00,0.0,,28.3,16.4,17.6,0.0
2026-05-04 15:00:00,0.0,,39.6,17.2,17.6,0.0
2026-05-04 16:00:00,0.0,,42.2,16.9,16.9,0.0
2026-05-04 17:00:00,0.0,,14.9,16.9,16.2,0.0
2026-05-04 18:00:00,0.0,,23.9,16.2,14.4,0.0
2026-05-04 19:00:00,0.0,,19.0,15.2,10.1,0.0
2026-05-04 20:00:00,0.0,,0.0,13.7,5.8,0.0
2026-05-04 21:00:00,0.0,,0.0,13.0,3.6,0.0
2026-05-04 22:00:00,0.0,,0.0,12.0,3.6,0.0
2026-05-04 23:00:00,0.0,,0.0,11.4,2.5,0.0
2026-06-04 00:00:00,0.0,,0.0,11.0,1.1,0.0
2026-06-04 01:00:00,0.0,,0.0,10.4,2.5,0.0
2026-06-04 02:00:00,0.0,,0.0,10.1,3.2,0.0
2026-06-04 03:00:00,0.0,,0.0,10.0,2.5,0.0
2026-06-04 04:00:00,0.0,,0.0,9.8,3.2,0.0
2026-06-04 05:00:00,0.0,,0.0,9.4,3.6,0.0
2026-06-04 06:00:00,0.0,,0.0,9.1,4.3,0.0
2026-06-04 07:00:00,0.0,,0.4,8.7,4.3,0.0
2026-06-04 08:00:00,0.0,,0.0,9.0,5.0,0.0
2026-06-04 09:00:00,0.0,,0.0,10.3,5.8,0.0
2026-06-04 10:00:00,0.0,,0.0,11.8,7.9,0.0
2026-06-04 11:00:00,0.0,,2.8,13.7,7.9,0.0
2026-06-04 12:00:00,0.0,,0.0,15.7,10.4,0.0
2026-06-04 13:00:00,0.0,,0.0,17.0,13.7,0.0
2026-06-04 14:00:00,0.0,,0.0,17.7,15.1,0.0
2026-06-04 15:00:00,0.0,,0.0,18.3,16.2,0.0
2026-06-04 16:00:00,0.0,,0.0,18.4,15.8,0.0
2026-06-04 17:00:00,0.0,,0.0,18.5,15.5,0.0
2026-06-04 18:00:00,0.0,,13.4,18.1,15.5,0.0
2026-06-04 19:00:00,0.0,,0.0,17.2,16.6,0.0
2026-06-04 20:00:00,0.0,,38.9,15.9,18.4,0.0
2026-06-04 21:00:00,0.0,,100.0,14.5,20.5,0.0
2026-06-04 22:00:00,0.0,,98.9,13.6,18.4,100.0
2026-06-04 23:00:00,0.0,,100.0,12.1,16.9,100.0
